Category,Term,Count,%,PValue,Genes,List Total,Pop Hits,Pop Total,Fold Enrichment,Bonferroni,Benjamini,FDR,treatment,term_clean,-log10(p),gene_ratio
GOTERM_BP_FAT,GO:0051607~defense response to virus,6,20.0,5.333492047763847e-05,"3437, 664, 665, 3434, 3433, 8638",27,309,19104,13.738942826321466,0.0404929976996751,0.0412812284496921,0.0412812284496921,hATF567,defense response to virus,4.272988348105781,0.2222222222222222
GOTERM_BP_FAT,GO:0140374~antiviral innate immune response,4,13.333333333333334,0.00014728228339496195,"3437, 3434, 3433, 8638",27,76,19104,37.239766081871345,0.1078778141531677,0.0569982436738502,0.0569982436738502,hATF567,antiviral innate immune response,3.831849491355313,0.14814814814814814
GOTERM_BP_FAT,GO:0009615~response to virus,6,20.0,0.0002458695404109581,"3437, 664, 665, 3434, 3433, 8638",27,428,19104,9.919003115264797,0.1735140181660375,0.0634343414260271,0.0634343414260271,hATF567,response to virus,3.609295270573244,0.2222222222222222
GOTERM_BP_FAT,GO:0006915~apoptotic process,7,23.333333333333332,0.0040683666714288,"664, 665, 3433, 51454, 3486, 3397, 3856",27,1165,19104,4.251406771578445,0.9575494481843622,0.497655694476565,0.497655694476565,hATF567,apoptotic process,2.3905799121401765,0.25925925925925924
GOTERM_BP_FAT,GO:0008637~apoptotic mitochondrial changes,3,10.0,0.0042937043644799,"664, 665, 3433",27,72,19104,29.48148148148148,0.964377766798542,0.497655694476565,0.497655694476565,hATF567,apoptotic mitochondrial changes,2.3671678614589378,0.1111111111111111
GOTERM_BP_FAT,GO:0042981~regulation of apoptotic process,8,26.666666666666668,0.0048029965702529,"3437, 664, 665, 3433, 3399, 3486, 3397, 3856",27,1617,19104,3.5005840720126433,0.976038100222007,0.497655694476565,0.497655694476565,hATF567,regulation of apoptotic process,2.318487723484038,0.2962962962962963
GOTERM_BP_FAT,GO:0012501~programmed cell death,7,23.333333333333332,0.0050215180130781,"664, 665, 3433, 51454, 3486, 3397, 3856",27,1216,19104,4.073099415204678,0.9797880316190146,0.497655694476565,0.497655694476565,hATF567,programmed cell death,2.299164975077125,0.25925925925925924
GOTERM_BP_FAT,GO:0008219~cell death,7,23.333333333333332,0.0051437281082849,"664, 665, 3433, 51454, 3486, 3397, 3856",27,1222,19104,4.0531005637388615,0.9816233975336092,0.497655694476565,0.497655694476565,hATF567,cell death,2.288721995797735,0.25925925925925924
GOTERM_BP_FAT,GO:0043067~regulation of programmed cell death,8,26.666666666666668,0.0059276140011225,"3437, 664, 665, 3433, 3399, 3486, 3397, 3856",27,1680,19104,3.369312169312169,0.9900239726737502,0.5097748040965365,0.5097748040965365,hATF567,regulation of programmed cell death,2.227120084826394,0.2962962962962963
GOTERM_BP_FAT,GO:0043065~positive regulation of apoptotic process,5,16.666666666666664,0.0072151797497261,"664, 665, 3433, 3399, 3486",27,576,19104,6.1419753086419755,0.9963463721007144,0.5584549126288054,0.5584549126288054,hATF567,positive regulation of apoptotic process,2.141752844980499,0.18518518518518517
GOTERM_BP_FAT,GO:0043068~positive regulation of programmed cell death,5,16.666666666666664,0.0083604016179107,"664, 665, 3433, 3399, 3486",27,601,19104,5.886485487151044,0.9985063731496444,0.5882682592966318,0.5882682592966318,hATF567,positive regulation of programmed cell death,2.0777728593728293,0.18518518518518517
GOTERM_BP_FAT,GO:0097345~mitochondrial outer membrane permeabilization,2,6.666666666666667,0.0121848118766801,"664, 665",27,9,19104,157.23456790123456,0.99992524039413,0.7064605943853234,0.7064605943853234,hATF567,mitochondrial outer membrane permeabilization,1.91418117157162,0.07407407407407407
GOTERM_BP_FAT,GO:0035694~mitochondrial protein catabolic process,2,6.666666666666667,0.0148730948029299,"664, 665",27,11,19104,128.64646464646464,0.999990954348995,0.7064605943853234,0.7064605943853234,hATF567,mitochondrial protein catabolic process,1.827598653805595,0.07407407407407407
GOTERM_CC_FAT,GO:0016363~nuclear matrix,3,10.0,0.015145257393582,"6596, 1063, 3856",25,132,16775,15.25,0.8582121169241026,1.0,1.0,hATF567,nuclear matrix,1.819723341435619,0.12
GOTERM_MF_FAT,GO:0140678~molecular function inhibitor activity,5,16.666666666666664,0.0152645721572256,"3434, 3399, 3397, 55450, 56901",26,677,17305,4.915634586978753,0.9509505307034736,1.0,1.0,hATF567,molecular function inhibitor activity,1.816315363809473,0.19230769230769232
GOTERM_BP_FAT,GO:0043653~mitochondrial fragmentation involved in apoptotic process,2,6.666666666666667,0.0162145969003606,"664, 665",27,12,19104,117.92592592592592,0.9999968537720414,0.7064605943853234,0.7064605943853234,hATF567,mitochondrial fragmentation involved in apoptotic process,1.7900938435451312,0.07407407407407407
GOTERM_BP_FAT,GO:0140694~membraneless organelle assembly,4,13.333333333333334,0.0170178290112824,"130916, 1063, 1062, 3856",27,404,19104,7.005500550055005,0.999998329403263,0.7064605943853234,0.7064605943853234,hATF567,membraneless organelle assembly,1.7690958442842175,0.14814814814814814
GOTERM_BP_FAT,GO:0071456~cellular response to hypoxia,3,10.0,0.0171539012093905,"664, 665, 56901",27,148,19104,14.342342342342342,0.9999984993598112,0.7064605943853234,0.7064605943853234,hATF567,cellular response to hypoxia,1.765637095385808,0.1111111111111111
GOTERM_BP_FAT,GO:0010917~negative regulation of mitochondrial membrane potential,2,6.666666666666667,0.0175543423680978,"664, 665",27,13,19104,108.85470085470084,0.9999989057501268,0.7064605943853234,0.7064605943853234,hATF567,negative regulation of mitochondrial membrane potential,1.7556154357090805,0.07407407407407407
GOTERM_BP_FAT,GO:0045837~negative regulation of membrane potential,2,6.666666666666667,0.0175543423680978,"664, 665",27,13,19104,108.85470085470084,0.9999989057501268,0.7064605943853234,0.7064605943853234,hATF567,negative regulation of membrane potential,1.7556154357090805,0.07407407407407407
GOTERM_BP_FAT,GO:0051707~response to other organism,7,23.333333333333332,0.018301667215198,"3437, 664, 665, 3434, 3433, 8638, 3856",27,1600,19104,3.095555555555555,0.9999993932756688,0.7064605943853234,0.7064605943853234,hATF567,response to other organism,1.7375093458225808,0.25925925925925924
GOTERM_BP_FAT,GO:0043207~response to external biotic stimulus,7,23.333333333333332,0.0184572182373306,"3437, 664, 665, 3434, 3433, 8638, 3856",27,1603,19104,3.0897622513343035,0.99999946339335,0.7064605943853234,0.7064605943853234,hATF567,response to external biotic stimulus,1.7338337526715297,0.25925925925925924
GOTERM_BP_FAT,GO:0036294~cellular response to decreased oxygen levels,3,10.0,0.0191675355065785,"664, 665, 56901",27,157,19104,13.52016985138004,0.9999996938072738,0.7064605943853234,0.7064605943853234,hATF567,cellular response to decreased oxygen levels,1.7174337235694803,0.1111111111111111
GOTERM_BP_FAT,GO:0009607~response to biotic stimulus,7,23.333333333333332,0.0208465201290324,"3437, 664, 665, 3434, 3433, 8638, 3856",27,1647,19104,3.007218511772246,0.9999999188388706,0.7212131249709544,0.7212131249709544,hATF567,response to biotic stimulus,1.680966430613018,0.25925925925925924
GOTERM_BP_FAT,GO:1902110~positive regulation of mitochondrial membrane permeability involved in apoptotic process,2,6.666666666666667,0.0215630610711511,"664, 665",27,16,19104,88.44444444444444,0.999999953979514,0.7212131249709544,0.7212131249709544,hATF567,positive regulation of mitochondrial membrane permeability involved in apoptotic process,1.6662895870871284,0.07407407407407407
GOTERM_BP_FAT,GO:0006952~defense response,7,23.333333333333332,0.0225941494483762,"3437, 55870, 664, 665, 3434, 3433, 8638",27,1677,19104,2.953422116212814,0.9999999796729628,0.7212131249709544,0.7212131249709544,hATF567,defense response,1.6460040029421843,0.25925925925925924
GOTERM_BP_FAT,GO:0071453~cellular response to oxygen levels,3,10.0,0.0234775047827549,"664, 665, 56901",27,175,19104,12.12952380952381,0.9999999899133852,0.7212131249709544,0.7212131249709544,hATF567,cellular response to oxygen levels,1.6293480623079388,0.1111111111111111
GOTERM_BP_FAT,GO:1902686~mitochondrial outer membrane permeabilization involved in programmed cell death,2,6.666666666666667,0.0242267974796444,"664, 665",27,18,19104,78.61728395061728,0.9999999944359962,0.7212131249709544,0.7212131249709544,hATF567,mitochondrial outer membrane permeabilization involved in programmed cell death,1.615703991097383,0.07407407407407407
GOTERM_BP_FAT,GO:0071345~cellular response to cytokine stimulus,5,16.666666666666664,0.0257659743921864,"3437, 3434, 3433, 8638, 3856",27,841,19104,4.206632316025895,0.999999998362986,0.738624599242679,0.738624599242679,hATF567,cellular response to cytokine stimulus,1.5889534291723189,0.18518518518518517
GOTERM_BP_FAT,GO:0044419~biological process involved in interspecies interaction between organisms,7,23.333333333333332,0.0272652712018999,"3437, 664, 665, 3434, 3433, 8638, 3856",27,1750,19104,2.830222222222222,0.9999999995037772,0.753689996795376,0.753689996795376,hATF567,biological process involved in interspecies interaction between organisms,1.5643901781200966,0.25925925925925924
GOTERM_BP_FAT,GO:1902108~regulation of mitochondrial membrane permeability involved in apoptotic process,2,6.666666666666667,0.0348121814215853,"664, 665",27,26,19104,54.427350427350426,0.9999999999988136,0.9107206312433964,0.9107206312433964,hATF567,regulation of mitochondrial membrane permeability involved in apoptotic process,1.4582687618442967,0.07407407407407407
GOTERM_BP_FAT,GO:0034097~response to cytokine,5,16.666666666666664,0.0374774617987716,"3437, 3434, 3433, 8638, 3856",27,946,19104,3.7397228094902513,0.9999999999998608,0.9107206312433964,0.9107206312433964,hATF567,response to cytokine,1.426229829847086,0.18518518518518517
GOTERM_BP_FAT,GO:0035794~positive regulation of mitochondrial membrane permeability,2,6.666666666666667,0.038753162252584,"664, 665",27,29,19104,48.79693486590038,0.9999999999999504,0.9107206312433964,0.9107206312433964,hATF567,positive regulation of mitochondrial membrane permeability,1.4116928533431274,0.07407407407407407
GOTERM_BP_FAT,GO:1901652~response to peptide,5,16.666666666666664,0.0397528901252794,"3437, 3434, 3433, 8638, 3856",27,964,19104,3.669893960350392,0.9999999999999778,0.9107206312433964,0.9107206312433964,hATF567,response to peptide,1.4006312916657988,0.18518518518518517
GOTERM_BP_FAT,GO:0051382~kinetochore assembly,2,6.666666666666667,0.0400633807474953,"1063, 1062",27,30,19104,47.17037037037037,0.9999999999999828,0.9107206312433964,0.9107206312433964,hATF567,kinetochore assembly,1.3972524055658706,0.07407407407407407
GOTERM_BP_FAT,GO:0070925~organelle assembly,5,16.666666666666664,0.0407896349843641,"130916, 664, 1063, 1062, 3856",27,972,19104,3.639689071787837,0.9999999999999905,0.9107206312433964,0.9107206312433964,hATF567,organelle assembly,1.3894501810517648,0.18518518518518517
GOTERM_BP_FAT,GO:0043066~negative regulation of apoptotic process,5,16.666666666666664,0.0411824574851665,"3437, 664, 665, 3397, 3856",27,975,19104,3.628490028490028,0.999999999999993,0.9107206312433964,0.9107206312433964,hATF567,negative regulation of apoptotic process,1.3852877412439026,0.18518518518518517
GOTERM_CC_FAT,GO:0005635~nuclear envelope,4,13.333333333333334,0.0425609276901369,"664, 665, 114882, 1063",25,550,16775,4.88,0.9961785623406508,1.0,1.0,hATF567,nuclear envelope,1.3709889143991811,0.16
GOTERM_BP_FAT,GO:1905710~positive regulation of membrane permeability,2,6.666666666666667,0.0452871034858852,"664, 665",27,34,19104,41.62091503267974,0.9999999999999998,0.9473572458939244,0.9473572458939244,hATF567,positive regulation of membrane permeability,1.3440254554337174,0.07407407407407407
GOTERM_BP_FAT,GO:0051383~kinetochore organization,2,6.666666666666667,0.0452871034858852,"1063, 1062",27,34,19104,41.62091503267974,0.9999999999999998,0.9473572458939244,0.9473572458939244,hATF567,kinetochore organization,1.3440254554337174,0.07407407407407407
GOTERM_CC_FAT,GO:0031967~organelle envelope,6,20.0,0.0460026960669585,"664, 665, 114882, 1063, 56901, 4537",25,1409,16775,2.857345635202271,0.9975899011152176,1.0,1.0,hATF567,organelle envelope,1.3372167149990493,0.24
GOTERM_BP_FAT,GO:0043069~negative regulation of programmed cell death,5,16.666666666666664,0.0476252350405774,"3437, 664, 665, 3397, 3856",27,1022,19104,3.461622091759078,1.0,0.9700508400370256,0.9700508400370256,hATF567,negative regulation of programmed cell death,1.3221628679761899,0.18518518518518517
GOTERM_CC_FAT,GO:0005739~mitochondrion,7,23.333333333333332,0.0515374458068124,"130916, 3437, 5033, 664, 665, 56901, 4537",25,1943,16775,2.4173957797220793,0.9988555831558384,1.0,1.0,hATF567,mitochondrion,1.2878771088641665,0.28
GOTERM_BP_FAT,GO:0006950~response to stress,10,33.33333333333333,0.0603289873127574,"3437, 55870, 664, 6596, 665, 3434, 3433, 8638, 56901, 4537",27,3835,19104,1.8449949297406925,1.0,1.0,1.0,hATF567,response to stress,1.2194739647245807,0.37037037037037035
GOTERM_BP_FAT,GO:0070887~cellular response to chemical stimulus,7,23.333333333333332,0.0620892376427284,"664, 665, 3434, 3399, 56937, 56901, 4537",27,2129,19104,2.3263921507228225,1.0,1.0,1.0,hATF567,cellular response to chemical stimulus,1.2069836725680754,0.25925925925925924
GOTERM_BP_FAT,GO:0009605~response to external stimulus,7,23.333333333333332,0.0661437697088528,"3437, 664, 665, 3434, 3433, 8638, 3856",27,2163,19104,2.289823804386911,1.0,1.0,1.0,hATF567,response to external stimulus,1.179511057122662,0.25925925925925924
GOTERM_BP_FAT,GO:0001666~response to hypoxia,3,10.0,0.0668283652652687,"664, 665, 56901",27,312,19104,6.803418803418802,1.0,1.0,1.0,hATF567,response to hypoxia,1.1750391623232088,0.1111111111111111
GOTERM_MF_FAT,GO:0140416~transcription regulator inhibitor activity,2,6.666666666666667,0.0671293588098375,"3399, 3397",26,48,17305,27.732371794871796,0.9999987838157371,1.0,1.0,hATF567,transcription regulator inhibitor activity,1.1730875009854849,0.07692307692307693
GOTERM_BP_FAT,GO:0045071~negative regulation of viral genome replication,2,6.666666666666667,0.068457518913342,"3434, 8638",27,52,19104,27.213675213675213,1.0,1.0,1.0,hATF567,negative regulation of viral genome replication,1.1645788449260213,0.07407407407407407
GOTERM_MF_FAT,GO:0003723~RNA binding,7,23.333333333333332,0.0709265992065593,"130916, 3437, 6596, 3434, 3433, 8638, 9295",26,2078,17305,2.2420781816835715,0.9999994532293548,1.0,1.0,hATF567,RNA binding,1.1491908632338486,0.2692307692307692
GOTERM_BP_FAT,GO:0036293~response to decreased oxygen levels,3,10.0,0.0721383731615808,"664, 665, 56901",27,326,19104,6.511247443762781,1.0,1.0,1.0,hATF567,response to decreased oxygen levels,1.141833655958812,0.1111111111111111
GOTERM_BP_FAT,GO:1903146~regulation of autophagy of mitochondrion,2,6.666666666666667,0.0722663055919983,"664, 665",27,55,19104,25.729292929292928,1.0,1.0,1.0,hATF567,regulation of autophagy of mitochondrion,1.141064146776668,0.07407407407407407
GOTERM_BP_FAT,GO:0046902~regulation of mitochondrial membrane permeability,2,6.666666666666667,0.0785810305764859,"664, 665",27,60,19104,23.585185185185185,1.0,1.0,1.0,hATF567,regulation of mitochondrial membrane permeability,1.1046822797906155,0.07407407407407407
GOTERM_CC_FAT,GO:0031981~nuclear lumen,12,40.0,0.0816936453124212,"55870, 664, 6596, 665, 30000, 3399, 3397, 8638, 4820, 1063, 3856, 9295",25,5111,16775,1.575425552729407,0.99998170166918,1.0,1.0,hATF567,nuclear lumen,1.0878117245334982,0.48
GOTERM_BP_FAT,GO:0045595~regulation of cell differentiation,6,20.0,0.0820382943295318,"6596, 30000, 3399, 3486, 3397, 124936",27,1740,19104,2.439846743295019,1.0,1.0,1.0,hATF567,regulation of cell differentiation,1.0859833776914443,0.2222222222222222
GOTERM_MF_FAT,GO:0046983~protein dimerization activity,5,16.666666666666664,0.0823860295757993,"664, 665, 3399, 3397, 1063",26,1159,17305,2.871341342005708,0.9999999519865046,1.0,1.0,hATF567,protein dimerization activity,1.0841464265617873,0.19230769230769232
GOTERM_BP_FAT,GO:0007005~mitochondrion organization,3,10.0,0.0835598650807592,"664, 665, 3433",27,355,19104,5.979342723004695,1.0,1.0,1.0,hATF567,mitochondrion organization,1.078002269921134,0.1111111111111111
GOTERM_BP_FAT,GO:0097190~apoptotic signaling pathway,3,10.0,0.0839633466871491,"664, 665, 3856",27,356,19104,5.9625468164794,1.0,1.0,1.0,hATF567,apoptotic signaling pathway,1.0759102592416774,0.1111111111111111
GOTERM_BP_FAT,GO:0070482~response to oxygen levels,3,10.0,0.0847721634321441,"664, 665, 56901",27,358,19104,5.929236499068901,1.0,1.0,1.0,hATF567,response to oxygen levels,1.0717467332676889,0.1111111111111111
GOTERM_BP_FAT,GO:0045668~negative regulation of osteoblast differentiation,2,6.666666666666667,0.0948064943831854,"3399, 3397",27,73,19104,19.385083713850836,1.0,1.0,1.0,hATF567,negative regulation of osteoblast differentiation,1.0231619118373,0.07407407407407407
GOTERM_CC_FAT,GO:0005654~nucleoplasm,11,36.666666666666664,0.0988558091453749,"55870, 664, 6596, 665, 3399, 3397, 8638, 4820, 1063, 3856, 9295",25,4642,16775,1.5900473933649288,0.99999836443131,1.0,1.0,hATF567,nucleoplasm,1.0049978047959092,0.44
GOTERM_BP_FAT,GO:0090559~regulation of membrane permeability,2,6.666666666666667,0.099743427307558,"664, 665",27,77,19104,18.37806637806638,1.0,1.0,1.0,hATF567,regulation of membrane permeability,1.0011157129655879,0.07407407407407407
GOTERM_MF_FAT,GO:0015453~oxidoreduction-driven active transmembrane transporter activity,4,7.4074074074074066,0.0007317394760648294,"4540, 4512, 220002, 4539",46,68,17305,22.129156010230176,0.1871088569961879,0.2070822717263467,0.2063505322502818,nZF105,oxidoreduction-driven active transmembrane transporter activity,3.135643514906933,0.08695652173913043
GOTERM_BP_FAT,GO:0140374~antiviral innate immune response,4,7.4074074074074066,0.0009201050226550092,"3437, 3434, 3433, 8638",49,76,19104,20.51987110633727,0.7243821600866804,0.6918630707847105,0.6918630707847105,nZF105,antiviral innate immune response,3.036162598571408,0.08163265306122448
GOTERM_BP_FAT,GO:1902600~proton transmembrane transport,5,9.25925925925926,0.0013105170251003,"4509, 4540, 4512, 292, 4539",49,190,19104,10.259935553168637,0.8405344081227719,0.6918630707847105,0.6918630707847105,nZF105,proton transmembrane transport,2.8825573327035796,0.10204081632653061
GOTERM_BP_FAT,GO:0006950~response to stress,20,37.03703703703704,0.0014836234541487,"22921, 6596, 4540, 5663, 10808, 23047, 94241, 55183, 3437, 55870, 1026, 3434, 23064, 3433, 9518, 8638, 4512, 9636, 8349, 23190",49,3835,19104,2.033259718489743,0.8748966594050178,0.6918630707847105,0.6918630707847105,nZF105,response to stress,2.828676309660734,0.40816326530612246
GOTERM_MF_FAT,GO:0015078~proton transmembrane transporter activity,5,9.25925925925926,0.0015931164899399,"4509, 4540, 4512, 292, 4539",46,194,17305,9.695764231286418,0.363143853373115,0.2254259833265063,0.2246294250815363,nZF105,proton transmembrane transporter activity,2.7977524670812124,0.10869565217391304
GOTERM_CC_FAT,GO:0031981~nuclear lumen,25,46.2962962962963,0.0017030965647941,"6596, 8337, 7267, 5663, 10808, 23047, 55183, 94241, 23008, 6907, 23064, 30000, 3399, 8349, 9636, 23318, 723790, 3397, 220002, 55870, 1026, 3005, 8638, 5007, 6638",47,5111,16775,1.7458173235033323,0.299702919207836,0.2944731857335905,0.2916552605112595,nZF105,nuclear lumen,2.7687607270413443,0.5319148936170213
GOTERM_MF_FAT,GO:0030527~structural constituent of chromatin,4,7.4074074074074066,0.0027005175114048,"8337, 723790, 3005, 8349",46,107,17305,14.063388866314506,0.5347964595633776,0.2547488185758544,0.2538486460720529,nZF105,structural constituent of chromatin,2.568553002207332,0.08695652173913043
GOTERM_BP_FAT,GO:0006119~oxidative phosphorylation,4,7.4074074074074066,0.0034025213848112,"4509, 4540, 4512, 4539",49,120,19104,12.995918367346937,0.9915336210350372,1.0,1.0,nZF105,oxidative phosphorylation,2.4681991365797886,0.08163265306122448
GOTERM_BP_FAT,GO:0006979~response to oxidative stress,6,11.11111111111111,0.0044487835478825,"22921, 23064, 4540, 5663, 4512, 94241",49,432,19104,5.414965986394558,0.9980544145928152,1.0,1.0,nZF105,response to oxidative stress,2.3517587239995468,0.12244897959183673
GOTERM_CC_FAT,GO:0098803~respiratory chain complex,4,7.4074074074074066,0.0046409569431068,"4509, 4540, 4512, 4539",47,123,16775,11.606988410309636,0.6217567457440547,0.2944731857335905,0.2916552605112595,nZF105,respiratory chain complex,2.3333924607681853,0.0851063829787234
KEGG_PATHWAY,hsa05415:Diabetic cardiomyopathy,5,9.25925925925926,0.0049417269985155,"4509, 4540, 4512, 292, 4539",33,205,9375,6.929046563192905,0.3436677274011623,0.195621828894894,0.1865231391788523,nZF105,Diabetic cardiomyopathy,2.306121250498724,0.15151515151515152
GOTERM_MF_FAT,GO:0008137~NADH dehydrogenase (ubiquinone) activity,3,5.555555555555555,0.005579664125434,"4540, 4512, 4539",46,43,17305,26.246208291203235,0.7947377138950893,0.3947612368744594,0.3933663208431009,nZF105,NADH dehydrogenase (ubiquinone) activity,2.2533919431521885,0.06521739130434782
GOTERM_CC_FAT,GO:0019866~organelle inner membrane,7,12.962962962962962,0.005621523518995,"4509, 4540, 5663, 4512, 292, 7108, 4539",47,599,16775,4.170958690015273,0.6921717260526593,0.2944731857335905,0.2916552605112595,nZF105,organelle inner membrane,2.2501459680207856,0.14893617021276595
GOTERM_CC_FAT,GO:0005654~nucleoplasm,22,40.74074074074074,0.0068209392516986,"7267, 6596, 723790, 8337, 5663, 10808, 3397, 23047, 94241, 23008, 55183, 55870, 6907, 1026, 23064, 3005, 3399, 8638, 9636, 5007, 8349, 6638",47,4642,16775,1.691539780175456,0.7608012327179267,0.2944731857335905,0.2916552605112595,nZF105,nucleoplasm,2.1661558183430003,0.46808510638297873
GOTERM_CC_FAT,GO:0000786~nucleosome,4,7.4074074074074066,0.0070448130558275,"8337, 723790, 3005, 8349",47,143,16775,9.983633387888704,0.7718100053098785,0.2944731857335905,0.2916552605112595,nZF105,nucleosome,2.152130527025847,0.0851063829787234
KEGG_PATHWAY,hsa05208:Chemical carcinogenesis - reactive oxygen species,5,9.25925925925926,0.0070703847571317,"4509, 4540, 4512, 292, 4539",33,227,9375,6.257509010812976,0.4528965443796136,0.195621828894894,0.1865231391788523,nZF105,Chemical carcinogenesis - reactive oxygen species,2.1505569520655463,0.15151515151515152
GOTERM_BP_FAT,GO:0051607~defense response to virus,5,9.25925925925926,0.0074675129696465,"3437, 3434, 3433, 8638, 9636",49,309,19104,6.308698236576184,0.9999722908591628,1.0,1.0,nZF105,defense response to virus,2.1268240144364534,0.10204081632653061
GOTERM_BP_FAT,GO:0045071~negative regulation of viral genome replication,3,5.555555555555555,0.0075667133836216,"3434, 8638, 9636",49,52,19104,22.49293563579278,0.9999759092033697,1.0,1.0,nZF105,negative regulation of viral genome replication,2.121092716180314,0.061224489795918366
GOTERM_BP_FAT,GO:0098655~monoatomic cation transmembrane transport,7,12.962962962962962,0.0083883652629208,"4509, 4540, 6541, 5663, 4512, 292, 4539",49,710,19104,3.843863179074446,0.9999924445683568,1.0,1.0,nZF105,monoatomic cation transmembrane transport,2.0763226668789434,0.14285714285714285
KEGG_PATHWAY,hsa05010:Alzheimer disease,6,11.11111111111111,0.0094718290410231,"4509, 4540, 5663, 4512, 292, 4539",33,388,9375,4.393158388003749,0.5546713046923197,0.195621828894894,0.1865231391788523,nZF105,Alzheimer disease,2.0235661492202204,0.18181818181818182
GOTERM_MF_FAT,GO:0015399~primary active transmembrane transporter activity,4,7.4074074074074066,0.0100847303279978,"4540, 4512, 220002, 4539",46,172,17305,8.748736097067745,0.9432140858784585,0.5707957365646803,0.5687787904990808,nZF105,primary active transmembrane transporter activity,1.9963357106022677,0.08695652173913043
KEGG_PATHWAY,hsa00190:Oxidative phosphorylation,4,7.4074074074074066,0.0113322060872018,"4509, 4540, 4512, 4539",33,138,9375,8.234519104084322,0.620437842137199,0.195621828894894,0.1865231391788523,nZF105,Oxidative phosphorylation,1.945685536011759,0.12121212121212122
GOTERM_BP_FAT,GO:0042776~proton motive force-driven mitochondrial ATP synthesis,3,5.555555555555555,0.0119705185169603,"4509, 4540, 4539",49,66,19104,17.721706864564005,0.999999952371712,1.0,1.0,nZF105,proton motive force-driven mitochondrial ATP synthesis,1.9218870372145251,0.061224489795918366
GOTERM_BP_FAT,"GO:0015988~energy coupled proton transmembrane transport, against electrochemical gradient",2,3.7037037037037033,0.0125011450080926,"4540, 4512",49,5,19104,155.95102040816326,0.9999999775487242,1.0,1.0,nZF105,"energy coupled proton transmembrane transport, against electrochemical gradient",1.903050207158137,0.04081632653061224
GOTERM_BP_FAT,GO:0015990~electron transport coupled proton transport,2,3.7037037037037033,0.0125011450080926,"4540, 4512",49,5,19104,155.95102040816326,0.9999999775487242,1.0,1.0,nZF105,electron transport coupled proton transport,1.903050207158137,0.04081632653061224
KEGG_PATHWAY,hsa05012:Parkinson disease,5,9.25925925925926,0.0125100927430869,"4509, 4540, 4512, 292, 4539",33,268,9375,5.300203527815468,0.657013857828781,0.195621828894894,0.1865231391788523,nZF105,Parkinson disease,1.9027394706693637,0.15151515151515152
GOTERM_BP_FAT,GO:0006338~chromatin remodeling,7,12.962962962962962,0.0129491092531841,"55870, 8337, 6596, 723790, 3005, 8349, 55183",49,780,19104,3.4989010989010985,0.9999999881050484,1.0,1.0,nZF105,chromatin remodeling,1.887760104921097,0.14285714285714285
GOTERM_CC_FAT,GO:0031967~organelle envelope,10,18.51851851851852,0.0130564892244084,"4925, 4509, 4540, 5663, 4512, 292, 7108, 23190, 4539, 55183",47,1409,16775,2.533107832626127,0.9358657770816732,0.4262355065195674,0.4221566978447389,nZF105,organelle envelope,1.8841735853457002,0.2127659574468085
KEGG_PATHWAY,hsa05020:Prion disease,5,9.25925925925926,0.0136480345740623,"4509, 4540, 4512, 292, 4539",33,275,9375,5.1652892561983474,0.6890341373923607,0.195621828894894,0.1865231391788523,nZF105,Prion disease,1.8649298859929755,0.15151515151515152
GOTERM_BP_FAT,GO:0006811~monoatomic ion transport,8,14.814814814814811,0.0146481664557912,"26507, 4509, 4540, 6541, 5663, 4512, 292, 4539",49,1042,19104,2.9933017352814444,0.999999998933746,1.0,1.0,nZF105,monoatomic ion transport,1.834216733532899,0.16326530612244897
GOTERM_BP_FAT,GO:0015986~proton motive force-driven ATP synthesis,3,5.555555555555555,0.0156542284580205,"4509, 4540, 4539",49,76,19104,15.389903329752952,0.9999999997448756,1.0,1.0,nZF105,proton motive force-driven ATP synthesis,1.8053683323703804,0.061224489795918366
GOTERM_CC_FAT,GO:0005743~mitochondrial inner membrane,6,11.11111111111111,0.0158073654296888,"4509, 4540, 5663, 4512, 292, 4539",47,541,16775,3.9583906870649304,0.9642115319237416,0.4262355065195674,0.4221566978447389,nZF105,mitochondrial inner membrane,1.80114050670863,0.1276595744680851
GOTERM_BP_FAT,GO:0009893~positive regulation of metabolic process,17,31.48148148148148,0.0162834662509628,"23318, 6596, 5663, 10808, 3397, 292, 1062, 94241, 55183, 354, 55870, 6907, 1026, 23064, 3399, 9518, 9636",49,3717,19104,1.783136499151719,0.999999999895778,1.0,1.0,nZF105,positive regulation of metabolic process,1.7882531416193788,0.3469387755102041
GOTERM_CC_FAT,GO:0005730~nucleolus,9,16.666666666666664,0.0163152346993135,"23318, 1026, 7267, 6596, 23064, 3005, 8638, 5007, 220002",47,1214,16775,2.6459917978197622,0.9678713424360162,0.4262355065195674,0.4221566978447389,nZF105,nucleolus,1.7874066743809411,0.19148936170212766
GOTERM_BP_FAT,GO:0048525~negative regulation of viral process,3,5.555555555555555,0.0164423459551905,"3434, 8638, 9636",49,78,19104,14.995290423861851,0.9999999999168712,1.0,1.0,nZF105,negative regulation of viral process,1.7840362182614153,0.061224489795918366
GOTERM_BP_FAT,GO:0055085~transmembrane transport,9,16.666666666666664,0.0167110628569315,"26507, 4509, 4540, 6541, 5663, 4512, 220002, 292, 4539",49,1328,19104,2.6422424391443324,0.999999999943296,1.0,1.0,nZF105,transmembrane transport,1.776995927232822,0.1836734693877551
GOTERM_BP_FAT,GO:0009060~aerobic respiration,4,7.4074074074074066,0.017390583486675,"4509, 4540, 4512, 4539",49,218,19104,7.1537165324845535,0.9999999999784578,1.0,1.0,nZF105,aerobic respiration,1.7596858463588712,0.08163265306122448
GOTERM_BP_FAT,GO:0031507~heterochromatin formation,4,7.4074074074074066,0.0184596636729368,"8337, 723790, 3005, 55183",49,223,19104,6.993319300814496,0.9999999999953074,1.0,1.0,nZF105,heterochromatin formation,1.733776215895062,0.08163265306122448
GOTERM_BP_FAT,GO:0045069~regulation of viral genome replication,3,5.555555555555555,0.0184853029151716,"3434, 8638, 9636",49,83,19104,14.091959675436438,0.999999999995476,1.0,1.0,nZF105,regulation of viral genome replication,1.7331734283308189,0.061224489795918366
GOTERM_BP_FAT,GO:0051093~negative regulation of developmental process,8,14.814814814814811,0.0193663495996935,"354, 1026, 30000, 5663, 3399, 3397, 9518, 94241",49,1102,19104,2.830327049149969,0.9999999999987133,1.0,1.0,nZF105,negative regulation of developmental process,1.712952232564997,0.16326530612244897
KEGG_PATHWAY,hsa05016:Huntington disease,5,9.25925925925926,0.0199020815820437,"4509, 4540, 4512, 292, 4539",33,308,9375,4.611865407319953,0.818905742255725,0.2374448288717575,0.2264008833428386,nZF105,Huntington disease,1.7011014978457042,0.15151515151515152
GOTERM_BP_FAT,GO:0006812~monoatomic cation transport,7,12.962962962962962,0.0200465476125145,"4509, 4540, 6541, 5663, 4512, 292, 4539",49,860,19104,3.1734219269102986,0.999999999999513,1.0,1.0,nZF105,monoatomic cation transport,1.6979604101727328,0.14285714285714285
GOTERM_BP_FAT,GO:0070828~heterochromatin organization,4,7.4074074074074066,0.0204747685204471,"8337, 723790, 3005, 55183",49,232,19104,6.722026741731175,0.999999999999736,1.0,1.0,nZF105,heterochromatin organization,1.688780999499694,0.08163265306122448
GOTERM_BP_FAT,GO:0034220~monoatomic ion transmembrane transport,7,12.962962962962962,0.0206683902540824,"4509, 4540, 6541, 5663, 4512, 292, 4539",49,866,19104,3.1514351699109207,0.9999999999997996,1.0,1.0,nZF105,monoatomic ion transmembrane transport,1.6846933468363414,0.14285714285714285
GOTERM_BP_FAT,GO:0006754~ATP biosynthetic process,3,5.555555555555555,0.0215154662817217,"4509, 4540, 4539",49,90,19104,12.99591836734694,0.9999999999999404,1.0,1.0,nZF105,ATP biosynthetic process,1.6672492374789665,0.061224489795918366
GOTERM_BP_FAT,GO:0019646~aerobic electron transport chain,3,5.555555555555555,0.0219641584996017,"4540, 4512, 4539",49,91,19104,12.853106077595871,0.9999999999999686,1.0,1.0,nZF105,aerobic electron transport chain,1.658285430959108,0.061224489795918366
KEGG_PATHWAY,hsa05022:Pathways of neurodegeneration - multiple diseases,6,11.11111111111111,0.0220878910578379,"4509, 4540, 5663, 4512, 292, 4539",33,480,9375,3.551136363636364,0.8502092407655535,0.2374448288717575,0.2264008833428386,nZF105,Pathways of neurodegeneration - multiple diseases,1.6558457483959812,0.18181818181818182
GOTERM_BP_FAT,GO:0009615~response to virus,5,9.25925925925926,0.0222637160667053,"3437, 3434, 3433, 8638, 9636",49,428,19104,4.554644287621591,0.9999999999999796,1.0,1.0,nZF105,response to virus,1.652402345276664,0.10204081632653061
GOTERM_BP_FAT,GO:0034340~response to type I interferon,3,5.555555555555555,0.0228731849666826,"3434, 8638, 9636",49,93,19104,12.576695194206714,0.9999999999999916,1.0,1.0,nZF105,response to type I interferon,1.6406733580365243,0.061224489795918366
GOTERM_BP_FAT,GO:0030163~protein catabolic process,7,12.962962962962962,0.0232883338881542,"6907, 7267, 5663, 9622, 9636, 23008, 23190",49,890,19104,3.06645264847512,0.9999999999999952,1.0,1.0,nZF105,protein catabolic process,1.6328615809828726,0.14285714285714285
GOTERM_BP_FAT,GO:0045333~cellular respiration,4,7.4074074074074066,0.0233436245299643,"4509, 4540, 4512, 4539",49,244,19104,6.391435262629642,0.9999999999999956,1.0,1.0,nZF105,cellular respiration,1.6318317107948672,0.08163265306122448
GOTERM_BP_FAT,GO:0042775~mitochondrial ATP synthesis coupled electron transport,3,5.555555555555555,0.0237975912232088,"4540, 4512, 4539",49,95,19104,12.311922663802362,0.9999999999999978,1.0,1.0,nZF105,mitochondrial ATP synthesis coupled electron transport,1.6234669997254412,0.061224489795918366
GOTERM_BP_FAT,GO:0042773~ATP synthesis coupled electron transport,3,5.555555555555555,0.0237975912232088,"4540, 4512, 4539",49,95,19104,12.311922663802362,0.9999999999999978,1.0,1.0,nZF105,ATP synthesis coupled electron transport,1.6234669997254412,0.061224489795918366
GOTERM_BP_FAT,GO:0009791~post-embryonic development,3,5.555555555555555,0.0256918628049648,"55870, 5663, 10512",49,99,19104,11.814471243042671,1.0,1.0,1.0,nZF105,post-embryonic development,1.5902044057925242,0.061224489795918366
GOTERM_BP_FAT,"GO:0045814~negative regulation of gene expression, epigenetic",4,7.4074074074074066,0.0258935028808984,"8337, 723790, 3005, 55183",49,254,19104,6.139803953077294,1.0,1.0,1.0,nZF105,"negative regulation of gene expression, epigenetic",1.5868091941019928,0.08163265306122448
GOTERM_BP_FAT,GO:0009206~purine ribonucleoside triphosphate biosynthetic process,3,5.555555555555555,0.0266613911188993,"4509, 4540, 4539",49,101,19104,11.580521317437864,1.0,1.0,1.0,nZF105,purine ribonucleoside triphosphate biosynthetic process,1.574117194025694,0.061224489795918366
GOTERM_BP_FAT,GO:0009145~purine nucleoside triphosphate biosynthetic process,3,5.555555555555555,0.0271516802997048,"4509, 4540, 4539",49,102,19104,11.466986794717888,1.0,1.0,1.0,nZF105,purine nucleoside triphosphate biosynthetic process,1.5662032886420256,0.061224489795918366
GOTERM_MF_FAT,GO:0003676~nucleic acid binding,19,35.18518518518518,0.0278621720544349,"23318, 7587, 6596, 723790, 8337, 23047, 292, 4925, 3437, 55870, 84319, 6907, 3434, 23064, 3005, 3433, 8638, 8349, 6638",46,4500,17305,1.5883816425120774,0.9996635043096256,0.9856199757022148,0.982137219604327,nZF105,nucleic acid binding,1.5549850302492554,0.41304347826086957
KEGG_PATHWAY,hsa04613:Neutrophil extracellular trap formation,4,7.4074074074074066,0.0282365938144649,"8337, 723790, 8349, 292",33,195,9375,5.827505827505828,0.9123713816674228,0.2698163408937765,0.2572667436429032,nZF105,Neutrophil extracellular trap formation,1.5491876934843278,0.12121212121212122
GOTERM_BP_FAT,GO:0009057~macromolecule catabolic process,8,14.814814814814811,0.0290139732447288,"23318, 6907, 7267, 5663, 9622, 9636, 23008, 23190",49,1198,19104,2.603522878266498,1.0,1.0,1.0,nZF105,macromolecule catabolic process,1.5373927937721554,0.16326530612244897
GOTERM_MF_FAT,GO:0008324~monoatomic cation transmembrane transporter activity,6,11.11111111111111,0.0290577163069059,"4509, 4540, 5663, 4512, 292, 4539",46,669,17305,3.373952037434198,0.9997624602226552,0.9856199757022148,0.982137219604327,nZF105,monoatomic cation transmembrane transporter activity,1.5367385206051518,0.13043478260869565
GOTERM_CC_FAT,GO:0098687~chromosomal region,5,9.25925925925926,0.0291480083868708,"23064, 5663, 23047, 1062, 55183",47,427,16775,4.179331306990881,0.997934703514965,0.6750806458364551,0.6686205439624221,nZF105,chromosomal region,1.5353911141859717,0.10638297872340426
GOTERM_BP_FAT,GO:0010629~negative regulation of gene expression,10,18.51851851851852,0.0293073507103562,"23318, 1026, 8337, 723790, 3005, 5663, 3399, 3397, 94241, 55183",49,1760,19104,2.2152133580705007,1.0,1.0,1.0,nZF105,negative regulation of gene expression,1.5330234386027002,0.20408163265306123
GOTERM_BP_FAT,GO:0009201~ribonucleoside triphosphate biosynthetic process,3,5.555555555555555,0.0296575502174517,"4509, 4540, 4539",49,107,19104,10.931146290291816,1.0,1.0,1.0,nZF105,ribonucleoside triphosphate biosynthetic process,1.5278647255592483,0.061224489795918366
GOTERM_BP_FAT,GO:0034097~response to cytokine,7,12.962962962962962,0.0302597929446394,"3437, 3434, 3433, 8638, 9636, 292, 55183",49,946,19104,2.8849290244639083,1.0,1.0,1.0,nZF105,response to cytokine,1.5191340480018014,0.14285714285714285
GOTERM_BP_FAT,GO:0022904~respiratory electron transport chain,3,5.555555555555555,0.0317263294122783,"4540, 4512, 4539",49,111,19104,10.53723110865968,1.0,1.0,1.0,nZF105,respiratory electron transport chain,1.4985801708307318,0.061224489795918366
GOTERM_CC_FAT,GO:0032993~protein-DNA complex,4,7.4074074074074066,0.0323005093701653,"8337, 723790, 3005, 8349",47,254,16775,5.620706986094823,0.998953432842475,0.6750806458364551,0.6686205439624221,nZF105,protein-DNA complex,1.490790628910143,0.0851063829787234
GOTERM_BP_FAT,GO:1901652~response to peptide,7,12.962962962962962,0.0327661937053575,"3437, 3434, 3433, 8638, 9636, 292, 55183",49,964,19104,2.831061055127445,1.0,1.0,1.0,nZF105,response to peptide,1.4845740056353143,0.14285714285714285
GOTERM_MF_FAT,GO:0022804~active transmembrane transporter activity,5,9.25925925925926,0.0331115353769619,"4540, 4512, 220002, 292, 4539",46,469,17305,4.010614628719756,0.9999273032085596,0.9856199757022148,0.982137219604327,nZF105,active transmembrane transporter activity,1.480020680610598,0.10869565217391304
GOTERM_BP_FAT,GO:0009142~nucleoside triphosphate biosynthetic process,3,5.555555555555555,0.0349332851455096,"4509, 4540, 4539",49,117,19104,9.996860282574568,1.0,1.0,1.0,nZF105,nucleoside triphosphate biosynthetic process,1.4567605711479197,0.061224489795918366
KEGG_PATHWAY,hsa05014:Amyotrophic lateral sclerosis,5,9.25925925925926,0.0352899511237173,"4509, 23064, 4540, 4512, 4539",33,368,9375,3.859930830039526,0.9528232302403278,0.3034935796639689,0.289377599214482,nZF105,Amyotrophic lateral sclerosis,1.4523489431337846,0.15151515151515152
GOTERM_BP_FAT,GO:1903900~regulation of viral life cycle,3,5.555555555555555,0.0354796318399238,"3434, 8638, 9636",49,118,19104,9.912141127637495,1.0,1.0,1.0,nZF105,regulation of viral life cycle,1.4500208953431046,0.061224489795918366
GOTERM_BP_FAT,GO:0006325~chromatin organization,7,12.962962962962962,0.0360110375065565,"55870, 8337, 6596, 723790, 3005, 8349, 55183",49,986,19104,2.7678933642422487,1.0,1.0,1.0,nZF105,chromatin organization,1.4435643660799358,0.14285714285714285
GOTERM_MF_FAT,GO:0009055~electron transfer activity,3,5.555555555555555,0.0365730026024578,"4540, 4512, 4539",46,116,17305,9.729197901049474,0.999973653446408,0.9856199757022148,0.982137219604327,nZF105,electron transfer activity,1.436839383108817,0.06521739130434782
GOTERM_BP_FAT,GO:0022900~electron transport chain,3,5.555555555555555,0.0376981706809027,"4540, 4512, 4539",49,122,19104,9.587152893944465,1.0,1.0,1.0,nZF105,electron transport chain,1.4236797235996477,0.061224489795918366
GOTERM_MF_FAT,GO:0003723~RNA binding,11,20.37037037037037,0.0378789781572425,"23318, 3437, 84319, 6596, 23064, 3434, 3005, 3433, 8638, 292, 6638",46,2078,17305,1.9914110557810605,0.9999820524078304,0.9856199757022148,0.982137219604327,nZF105,RNA binding,1.421601745261603,0.2391304347826087
GOTERM_MF_FAT,GO:0022853~active monoatomic ion transmembrane transporter activity,3,5.555555555555555,0.0383103170767645,"4540, 4512, 4539",46,119,17305,9.48392400438436,0.9999841914218424,0.9856199757022148,0.982137219604327,nZF105,active monoatomic ion transmembrane transporter activity,1.4166842535476114,0.06521739130434782
GOTERM_BP_FAT,GO:0010604~positive regulation of macromolecule metabolic process,15,27.77777777777778,0.038464258181091,"23318, 6596, 5663, 10808, 3397, 1062, 94241, 55183, 354, 55870, 6907, 1026, 23064, 3399, 9636",49,3427,19104,1.7064964299113283,1.0,1.0,1.0,nZF105,positive regulation of macromolecule metabolic process,1.4149426389175215,0.30612244897959184
GOTERM_MF_FAT,GO:0031625~ubiquitin protein ligase binding,4,7.4074074074074066,0.0446827726097086,"1026, 6596, 9636, 292",46,305,17305,4.933713471133285,0.9999975913511288,1.0,1.0,nZF105,ubiquitin protein ligase binding,1.3498598863232716,0.08695652173913043
KEGG_PATHWAY,hsa04714:Thermogenesis,4,7.4074074074074066,0.0447532837847206,"4509, 4540, 4512, 4539",33,234,9375,4.856254856254856,0.9795909851989432,0.3498893095896344,0.3336153882133723,nZF105,Thermogenesis,1.3491750926997719,0.12121212121212122
GOTERM_BP_FAT,GO:0010628~positive regulation of gene expression,8,14.814814814814811,0.0451638376204555,"354, 23064, 5663, 3399, 3397, 9636, 94241, 55183",49,1318,19104,2.366479824099594,1.0,1.0,1.0,nZF105,positive regulation of gene expression,1.3452091627041864,0.16326530612244897
GOTERM_BP_FAT,GO:0015980~energy derivation by oxidation of organic compounds,4,7.4074074074074066,0.0481148838625695,"4509, 4540, 4512, 4539",49,325,19104,4.798492935635792,1.0,1.0,1.0,nZF105,energy derivation by oxidation of organic compounds,1.3177205581480758,0.08163265306122448
GOTERM_BP_FAT,GO:0051053~negative regulation of DNA metabolic process,3,5.555555555555555,0.0501725881029216,"1026, 3005, 55183",49,143,19104,8.179249322106465,1.0,1.0,1.0,nZF105,negative regulation of DNA metabolic process,1.29953349574668,0.061224489795918366
GOTERM_BP_FAT,GO:0050792~regulation of viral process,3,5.555555555555555,0.0514292725540971,"3434, 8638, 9636",49,145,19104,8.06643209007741,1.0,1.0,1.0,nZF105,regulation of viral process,1.288789618552249,0.061224489795918366
GOTERM_MF_FAT,GO:0015075~monoatomic ion transmembrane transporter activity,6,11.11111111111111,0.0519491227203096,"4509, 4540, 5663, 4512, 292, 4539",46,785,17305,2.875380780947106,0.9999997224409608,1.0,1.0,nZF105,monoatomic ion transmembrane transporter activity,1.2844217820999821,0.13043478260869565
GOTERM_BP_FAT,GO:0007623~circadian rhythm,3,5.555555555555555,0.052061875758839,"23064, 3399, 3397",49,146,19104,8.011182555213866,1.0,1.0,1.0,nZF105,circadian rhythm,1.2834801885695102,0.061224489795918366
GOTERM_MF_FAT,GO:0044389~ubiquitin-like protein ligase binding,4,7.4074074074074066,0.0522103693044284,"1026, 6596, 9636, 292",46,325,17305,4.63010033444816,0.9999997432664094,1.0,1.0,nZF105,ubiquitin-like protein ligase binding,1.282243234843141,0.08695652173913043
GOTERM_BP_FAT,GO:0009152~purine ribonucleotide biosynthetic process,3,5.555555555555555,0.0565680066888869,"4509, 4540, 4539",49,153,19104,7.644657863145258,1.0,1.0,1.0,nZF105,purine ribonucleotide biosynthetic process,1.2474291244108935,0.061224489795918366
GOTERM_BP_FAT,GO:0051251~positive regulation of lymphocyte activation,4,7.4074074074074066,0.0572122954449209,"1026, 6541, 10808, 55183",49,349,19104,4.46851061341442,1.0,1.0,1.0,nZF105,positive regulation of lymphocyte activation,1.2425106273249833,0.08163265306122448
GOTERM_BP_FAT,GO:0002684~positive regulation of immune system process,7,12.962962962962962,0.0584008929056366,"354, 1026, 6541, 5663, 10808, 8638, 55183",49,1111,19104,2.456474218850456,1.0,1.0,1.0,nZF105,positive regulation of immune system process,1.2335805128015327,0.14285714285714285
GOTERM_BP_FAT,GO:0071345~cellular response to cytokine stimulus,6,11.11111111111111,0.0589191021266068,"3437, 3434, 3433, 8638, 292, 55183",49,841,19104,2.781528306923245,1.0,1.0,1.0,nZF105,cellular response to cytokine stimulus,1.229743880030888,0.12244897959183673
GOTERM_CC_FAT,GO:0005694~chromosome,11,20.37037037037037,0.0609588657036143,"55870, 8337, 6596, 723790, 23064, 3005, 5663, 23047, 8349, 1062, 55183",47,2138,16775,1.8363254582727944,0.9999980452784344,1.0,0.9951923076923076,nZF105,chromosome,1.214963122758422,0.23404255319148937
GOTERM_BP_FAT,GO:0040029~epigenetic regulation of gene expression,4,7.4074074074074066,0.0624596887175133,"8337, 723790, 3005, 55183",49,362,19104,4.308039237794564,1.0,1.0,1.0,nZF105,epigenetic regulation of gene expression,1.2044001845086887,0.08163265306122448
GOTERM_CC_FAT,GO:0005635~nuclear envelope,5,9.25925925925926,0.0632518782351473,"4925, 5663, 7108, 23190, 55183",47,550,16775,3.24468085106383,0.9999988273411784,1.0,0.9951923076923076,nZF105,nuclear envelope,1.1989265737877326,0.10638297872340426
GOTERM_BP_FAT,GO:0043068~positive regulation of programmed cell death,5,9.25925925925926,0.0636371087862456,"1026, 3433, 5663, 3399, 94241",49,601,19104,3.2435736357771066,1.0,1.0,1.0,nZF105,positive regulation of programmed cell death,1.1962895598033112,0.10204081632653061
GOTERM_BP_FAT,GO:0007507~heart development,5,9.25925925925926,0.0652000553041153,"1026, 5663, 3399, 3397, 10512",49,606,19104,3.216811477066074,1.0,1.0,1.0,nZF105,heart development,1.1857520358898297,0.10204081632653061
GOTERM_BP_FAT,GO:0009260~ribonucleotide biosynthetic process,3,5.555555555555555,0.0673546316303174,"4509, 4540, 4539",49,169,19104,6.920903272551624,1.0,1.0,1.0,nZF105,ribonucleotide biosynthetic process,1.171632534724551,0.061224489795918366
GOTERM_BP_FAT,GO:0051604~protein maturation,5,9.25925925925926,0.0683867899529257,"354, 3817, 5663, 9622, 10808",49,616,19104,3.1645905115292874,1.0,1.0,1.0,nZF105,protein maturation,1.165027781388331,0.10204081632653061
GOTERM_BP_FAT,GO:0006974~DNA damage response,6,11.11111111111111,0.0688249292918682,"1026, 6596, 23064, 5663, 23047, 55183",49,880,19104,2.6582560296846007,1.0,1.0,1.0,nZF105,DNA damage response,1.1622542261121438,0.12244897959183673
GOTERM_CC_FAT,GO:0031965~nuclear membrane,4,7.4074074074074066,0.0694218783430483,"4925, 5663, 7108, 55183",47,347,16775,4.114292721810044,0.9999997053251242,1.0,0.9951923076923076,nZF105,nuclear membrane,1.1585036398293287,0.0851063829787234
GOTERM_BP_FAT,GO:0046390~ribose phosphate biosynthetic process,3,5.555555555555555,0.0715637053382627,"4509, 4540, 4539",49,175,19104,6.683615160349855,1.0,1.0,1.0,nZF105,ribose phosphate biosynthetic process,1.145307181152449,0.061224489795918366
GOTERM_BP_FAT,GO:0002696~positive regulation of leukocyte activation,4,7.4074074074074066,0.0718346769103677,"1026, 6541, 10808, 55183",49,384,19104,4.061224489795918,1.0,1.0,1.0,nZF105,positive regulation of leukocyte activation,1.1436658572163907,0.08163265306122448
GOTERM_MF_FAT,GO:0003677~DNA binding,12,22.22222222222222,0.0732600966705119,"4925, 55870, 6907, 7587, 8337, 6596, 723790, 23064, 3005, 8638, 23047, 8349",46,2650,17305,1.7035274815422476,0.9999999995542664,1.0,1.0,nZF105,DNA binding,1.135132512596915,0.2608695652173913
GOTERM_BP_FAT,GO:0045087~innate immune response,6,11.11111111111111,0.0736957819457868,"3437, 3434, 3433, 8638, 9636, 8349",49,898,19104,2.604972501249943,1.0,1.0,1.0,nZF105,innate immune response,1.1325573687229413,0.12244897959183673
GOTERM_BP_FAT,GO:0010557~positive regulation of macromolecule biosynthetic process,12,22.22222222222222,0.0738718263800511,"354, 55870, 6907, 6596, 23064, 5663, 3399, 10808, 3397, 9636, 94241, 55183",49,2739,19104,1.708116324295326,1.0,1.0,1.0,nZF105,positive regulation of macromolecule biosynthetic process,1.131521163508149,0.24489795918367346
GOTERM_BP_FAT,GO:0006091~generation of precursor metabolites and energy,4,7.4074074074074066,0.0740499194397963,"4509, 4540, 4512, 4539",49,389,19104,4.009023660878233,1.0,1.0,1.0,nZF105,generation of precursor metabolites and energy,1.1304754096190854,0.08163265306122448
GOTERM_BP_FAT,GO:0033554~cellular response to stress,9,16.666666666666664,0.0771440149328266,"1026, 6596, 23064, 5663, 9518, 23047, 94241, 23190, 55183",49,1796,19104,1.9537293759374577,1.0,1.0,1.0,nZF105,cellular response to stress,1.112697762179896,0.1836734693877551
GOTERM_BP_FAT,GO:0006164~purine nucleotide biosynthetic process,3,5.555555555555555,0.078034008353907,"4509, 4540, 4539",49,184,19104,6.356699201419699,1.0,1.0,1.0,nZF105,purine nucleotide biosynthetic process,1.107716084212585,0.061224489795918366
GOTERM_BP_FAT,GO:0046034~ATP metabolic process,3,5.555555555555555,0.078034008353907,"4509, 4540, 4539",49,184,19104,6.356699201419699,1.0,1.0,1.0,nZF105,ATP metabolic process,1.107716084212585,0.061224489795918366
GOTERM_BP_FAT,GO:0043632~modification-dependent macromolecule catabolic process,5,9.25925925925926,0.0801712668985989,"23318, 6907, 7267, 9636, 23008",49,651,19104,2.994451236715885,1.0,1.0,1.0,nZF105,modification-dependent macromolecule catabolic process,1.0959812534523397,0.10204081632653061
GOTERM_BP_FAT,GO:0050867~positive regulation of cell activation,4,7.4074074074074066,0.0813429613077118,"1026, 6541, 10808, 55183",49,405,19104,3.8506424792139073,1.0,1.0,1.0,nZF105,positive regulation of cell activation,1.0896800210611561,0.08163265306122448
GOTERM_BP_FAT,GO:0002682~regulation of immune system process,9,16.666666666666664,0.0815647589935674,"354, 1026, 6541, 5663, 10808, 9518, 8638, 9636, 55183",49,1818,19104,1.9300868862396443,1.0,1.0,1.0,nZF105,regulation of immune system process,1.0884974427228644,0.1836734693877551
GOTERM_CC_FAT,GO:0031966~mitochondrial membrane,6,11.11111111111111,0.0815682784618282,"4509, 4540, 5663, 4512, 292, 4539",47,849,16775,2.5223667393429063,0.9999999810854094,1.0,0.9951923076923076,nZF105,mitochondrial membrane,1.0884787035922876,0.1276595744680851
KEGG_PATHWAY,hsa05322:Systemic lupus erythematosus,3,5.555555555555555,0.0851549601731536,"8337, 723790, 8349",33,143,9375,5.959949141767323,0.999481748333744,0.5700827531426798,0.5435672762523226,nZF105,Systemic lupus erythematosus,1.0697900498377324,0.09090909090909091
KEGG_PATHWAY,hsa04550:Signaling pathways regulating pluripotency of stem cells,3,5.555555555555555,0.0861752998936609,"3399, 3397, 55183",33,144,9375,5.918560606060606,0.999528647440488,0.5700827531426798,0.5435672762523226,nZF105,Signaling pathways regulating pluripotency of stem cells,1.064617196554358,0.09090909090909091
GOTERM_CC_FAT,GO:0005640~nuclear outer membrane,2,3.7037037037037033,0.0867108664216478,"4925, 5663",47,33,16775,21.631205673758863,0.9999999941503122,1.0,0.9951923076923076,nZF105,nuclear outer membrane,1.061926474251061,0.0425531914893617
GOTERM_MF_FAT,GO:0004252~serine-type endopeptidase activity,3,5.555555555555555,0.0881433652210607,"354, 3817, 9622",46,191,17305,5.908832233098111,0.9999999999954372,1.0,1.0,nZF105,serine-type endopeptidase activity,1.0548103726026203,0.06521739130434782
GOTERM_BP_FAT,GO:0009205~purine ribonucleoside triphosphate metabolic process,3,5.555555555555555,0.096129573689036,"4509, 4540, 4539",49,208,19104,5.623233908948195,1.0,1.0,1.0,nZF105,purine ribonucleoside triphosphate metabolic process,1.0171429836726307,0.061224489795918366
GOTERM_CC_FAT,GO:0005740~mitochondrial envelope,6,11.11111111111111,0.0969399819708374,"4509, 4540, 5663, 4512, 292, 4539",47,895,16775,2.3927255438012596,0.9999999994443868,1.0,0.9951923076923076,nZF105,mitochondrial envelope,1.0134970653845259,0.1276595744680851
GOTERM_BP_FAT,GO:0009891~positive regulation of biosynthetic process,12,22.22222222222222,0.0972389775612998,"354, 55870, 6907, 6596, 23064, 5663, 3399, 10808, 3397, 9636, 94241, 55183",49,2876,19104,1.6267491697652634,1.0,1.0,1.0,nZF105,positive regulation of biosynthetic process,1.0121596162809854,0.24489795918367346
GOTERM_BP_FAT,GO:0051607~defense response to virus,6,37.5,1.240269401114148e-06,"54541, 3437, 664, 3434, 3433, 9636",14,309,19104,26.49653259361997,0.0007798257148158294,0.000778889183899685,0.0007739281062952285,nZF139,defense response to virus,5.906483970717162,0.42857142857142855
GOTERM_BP_FAT,GO:0009615~response to virus,6,37.5,6.118014691663662e-06,"54541, 3437, 664, 3434, 3433, 9636",14,428,19104,19.12950600801068,0.0038408480146697,0.0019210566131823,0.001908820583799,nZF139,response to virus,5.213389484445031,0.42857142857142855
GOTERM_BP_FAT,GO:0042981~regulation of apoptotic process,7,43.75,0.0003709622628016503,"3437, 664, 3312, 3433, 3399, 3486, 3397",14,1617,19104,5.907235621521336,0.2081462420711354,0.069426599172899,0.0689843915348551,nZF139,regulation of apoptotic process,3.430670267987621,0.5
GOTERM_BP_FAT,GO:0043067~regulation of programmed cell death,7,43.75,0.0004569816262174152,"3437, 664, 3312, 3433, 3399, 3486, 3397",14,1680,19104,5.685714285714285,0.2498687896618004,0.069426599172899,0.0689843915348551,nZF139,regulation of programmed cell death,3.34010126118355,0.5
GOTERM_BP_FAT,GO:0043068~positive regulation of programmed cell death,5,31.25,0.0005527595475549291,"664, 3312, 3433, 3399, 3486",14,601,19104,11.352507725219873,0.29374709563038,0.069426599172899,0.0689843915348551,nZF139,positive regulation of programmed cell death,3.257463747320734,0.35714285714285715
GOTERM_BP_FAT,GO:0140374~antiviral innate immune response,3,18.75,0.0011841519186411,"3437, 3434, 3433",14,76,19104,53.86466165413533,0.5253952383859617,0.1239412341511042,0.1231517995386768,nZF139,antiviral innate immune response,2.9265925770091132,0.21428571428571427
GOTERM_BP_FAT,GO:0051707~response to other organism,6,37.5,0.0029744778557193,"54541, 3437, 664, 3434, 3433, 9636",14,1600,19104,5.1171428571428565,0.8464508619978537,0.2297244000825264,0.2282611873431473,nZF139,response to other organism,2.526589259946181,0.42857142857142855
GOTERM_BP_FAT,GO:0043207~response to external biotic stimulus,6,37.5,0.0029991820578652,"54541, 3437, 664, 3434, 3433, 9636",14,1603,19104,5.107566170573032,0.8488254486040241,0.2297244000825264,0.2282611873431473,nZF139,response to external biotic stimulus,2.522997170677145,0.42857142857142855
GOTERM_BP_FAT,GO:0009607~response to biotic stimulus,6,37.5,0.003379246117284,"54541, 3437, 664, 3434, 3433, 9636",14,1647,19104,4.971116315378611,0.8810610913396102,0.2297244000825264,0.2282611873431473,nZF139,response to biotic stimulus,2.4711801765335273,0.42857142857142855
GOTERM_BP_FAT,GO:0006952~defense response,6,37.5,0.0036580318484478,"54541, 3437, 664, 3434, 3433, 9636",14,1677,19104,4.8821875798619985,0.9002532405355625,0.2297244000825264,0.2282611873431473,nZF139,defense response,2.43675251768275,0.42857142857142855
GOTERM_BP_FAT,GO:0045595~regulation of cell differentiation,6,37.5,0.0042982412489781,"3312, 3399, 3486, 3397, 9636, 124936",14,1740,19104,4.705418719211822,0.933424643874952,0.2306307936332012,0.2291618076864928,nZF139,regulation of cell differentiation,2.3667092123532822,0.42857142857142855
GOTERM_BP_FAT,GO:0044419~biological process involved in interspecies interaction between organisms,6,37.5,0.0044069578401248,"54541, 3437, 664, 3434, 3433, 9636",14,1750,19104,4.678530612244898,0.9378436614201252,0.2306307936332012,0.2291618076864928,nZF139,biological process involved in interspecies interaction between organisms,2.3558611042186355,0.42857142857142855
GOTERM_BP_FAT,GO:0043065~positive regulation of apoptotic process,4,25.0,0.0062218215857742,"664, 3433, 3399, 3486",14,576,19104,9.476190476190476,0.9802726867239104,0.2759525307281961,0.2741948712968063,nZF139,positive regulation of apoptotic process,2.2060824466867657,0.2857142857142857
GOTERM_BP_FAT,GO:0006915~apoptotic process,5,31.25,0.0063077297939135,"54541, 664, 3433, 3486, 3397",14,1165,19104,5.856529736358063,0.9813167534844311,0.2759525307281961,0.2741948712968063,nZF139,apoptotic process,2.2001269189458244,0.35714285714285715
GOTERM_BP_FAT,GO:0006950~response to stress,8,50.0,0.0071353633514926,"54541, 3437, 664, 3434, 3312, 3433, 9636, 56901",14,3835,19104,2.8465636058856396,0.9889379217585508,0.2759525307281961,0.2741948712968063,nZF139,response to stress,2.1465839065675087,0.5714285714285714
GOTERM_BP_FAT,GO:0012501~programmed cell death,5,31.25,0.0073413760129689,"54541, 664, 3433, 3486, 3397",14,1216,19104,5.610902255639098,0.9902915550608996,0.2759525307281961,0.2741948712968063,nZF139,programmed cell death,2.1342225315237724,0.35714285714285715
GOTERM_BP_FAT,GO:0008219~cell death,5,31.25,0.0074700525834065,"54541, 664, 3433, 3486, 3397",14,1222,19104,5.583352817395371,0.9910517795194276,0.2759525307281961,0.2741948712968063,nZF139,cell death,2.1266763410757785,0.35714285714285715
GOTERM_BP_FAT,GO:0031400~negative regulation of protein modification process,3,18.75,0.0090622633044958,"3312, 3486, 9636",14,215,19104,19.04053156146179,0.996740393902479,0.3161722975124119,0.3141584612225239,nZF139,negative regulation of protein modification process,2.042763323526473,0.21428571428571427
GOTERM_MF_FAT,GO:0140678~molecular function inhibitor activity,4,25.0,0.0100661182972272,"3434, 3399, 3397, 56901",13,677,17305,7.865015339166005,0.6400641826277641,1.0,1.0,nZF139,molecular function inhibitor activity,1.9971379700712943,0.3076923076923077
GOTERM_BP_FAT,GO:0070887~cellular response to chemical stimulus,6,37.5,0.0102056304231532,"54541, 664, 3434, 3312, 3399, 56901",14,2129,19104,3.845668657317318,0.998423144868146,0.3373229424073821,0.3351743886340867,nZF139,cellular response to chemical stimulus,1.9911601628400952,0.42857142857142855
GOTERM_BP_FAT,GO:0009605~response to external stimulus,6,37.5,0.0109075431870537,"54541, 3437, 664, 3434, 3433, 9636",14,2163,19104,3.7852189419457103,0.9989907385753736,0.3424968560734884,0.3403153474360776,nZF139,response to external stimulus,1.9622730588030282,0.42857142857142855
GOTERM_BP_FAT,GO:0051094~positive regulation of developmental process,5,31.25,0.0131752135115526,"664, 3312, 3486, 9636, 124936",14,1438,19104,4.744685078482019,0.9997617729812682,0.394001623107385,0.3914920586289941,nZF139,positive regulation of developmental process,1.8802423380783935,0.35714285714285715
GOTERM_BP_FAT,GO:0022008~neurogenesis,5,31.25,0.0148485406969885,"54541, 664, 3399, 3397, 124936",14,1489,19104,4.5821740381847835,0.9999180799622576,0.423858343532218,0.4211586088600382,nZF139,neurogenesis,1.8283162263728547,0.35714285714285715
GOTERM_BP_FAT,GO:0001666~response to hypoxia,3,18.75,0.0184147591018443,"54541, 664, 56901",14,312,19104,13.12087912087912,0.9999916300202872,0.5028029876503585,0.4996004208500377,nZF139,response to hypoxia,1.7348339581245193,0.21428571428571427
GOTERM_BP_FAT,GO:0036293~response to decreased oxygen levels,3,18.75,0.0199997689025856,"54541, 664, 56901",14,326,19104,12.557405784399648,0.9999969712318612,0.5121068280953143,0.5088450011647708,nZF139,response to decreased oxygen levels,1.6989750225816043,0.21428571428571427
GOTERM_BP_FAT,GO:0045087~innate immune response,4,25.0,0.0207877453753487,"3437, 3434, 3433, 9636",14,898,19104,6.0782691695832005,0.9999981738673602,0.5121068280953143,0.5088450011647708,nZF139,innate immune response,1.6821926113969106,0.2857142857142857
GOTERM_BP_FAT,GO:0009892~negative regulation of metabolic process,7,43.75,0.0212018750485321,"54541, 3312, 3399, 3486, 3397, 9636, 56901",14,3547,19104,2.692979983084297,0.9999986004836912,0.5121068280953143,0.5088450011647708,nZF139,negative regulation of metabolic process,1.6736257292966623,0.5
GOTERM_BP_FAT,GO:0045597~positive regulation of cell differentiation,4,25.0,0.0236489574709036,"3312, 3486, 9636, 124936",14,943,19104,5.78821390698379,0.9999997101519166,0.5146545088686417,0.5113764546720262,nZF139,positive regulation of cell differentiation,1.6261879997301176,0.2857142857142857
GOTERM_BP_FAT,GO:0070482~response to oxygen levels,3,18.75,0.0238318508355785,"54541, 664, 56901",14,358,19104,11.434956105347169,0.9999997423712744,0.5146545088686417,0.5113764546720262,nZF139,response to oxygen levels,1.6228422280494699,0.21428571428571427
GOTERM_BP_FAT,GO:0034097~response to cytokine,4,25.0,0.0238471524626491,"3437, 3434, 3433, 9636",14,946,19104,5.769858048927817,0.9999997448989542,0.5146545088686417,0.5113764546720262,nZF139,response to cytokine,1.6225634717009998,0.2857142857142857
GOTERM_MF_FAT,GO:0098772~molecular function regulator activity,6,37.5,0.0238875479053085,"3434, 3312, 3399, 3486, 3397, 56901",13,2596,17305,3.0766267630674413,0.9130068302027754,1.0,1.0,nZF139,molecular function regulator activity,1.621828428979724,0.46153846153846156
GOTERM_BP_FAT,GO:1901652~response to peptide,4,25.0,0.0250559267898098,"3437, 3434, 3433, 9636",14,964,19104,5.66212211025489,0.9999998829871648,0.5146545088686417,0.5113764546720262,nZF139,response to peptide,1.601089528572824,0.2857142857142857
GOTERM_BP_FAT,GO:0043066~negative regulation of apoptotic process,4,25.0,0.0258111844681674,"3437, 664, 3312, 3397",14,975,19104,5.598241758241758,0.9999999281321642,0.5146545088686417,0.5113764546720262,nZF139,negative regulation of apoptotic process,1.5881920653443182,0.2857142857142857
GOTERM_BP_FAT,GO:0045648~positive regulation of erythrocyte differentiation,2,12.5,0.0262244335729244,"3312, 9636",14,39,19104,69.97802197802197,0.9999999449659784,0.5146545088686417,0.5113764546720262,nZF139,positive regulation of erythrocyte differentiation,1.5812938834512769,0.14285714285714285
GOTERM_BP_FAT,GO:0140546~defense response to symbiont,4,25.0,0.0277904421559013,"3437, 3434, 3433, 9636",14,1003,19104,5.44195983478137,0.9999999800028316,0.5235725159401543,0.5202376591507265,nZF139,defense response to symbiont,1.5561045433866991,0.2857142857142857
GOTERM_BP_FAT,GO:0098542~defense response to other organism,4,25.0,0.0289580933132013,"3437, 3434, 3433, 9636",14,1019,19104,5.356511986541427,0.9999999906095812,0.5235725159401543,0.5202376591507265,nZF139,defense response to other organism,1.538230036771019,0.2857142857142857
GOTERM_BP_FAT,GO:0043069~negative regulation of programmed cell death,4,25.0,0.0291799969074926,"3437, 664, 3312, 3397",14,1022,19104,5.340788370142578,0.9999999918669692,0.5235725159401543,0.5202376591507265,nZF139,negative regulation of programmed cell death,1.5349147584692626,0.2857142857142857
GOTERM_MF_FAT,GO:0140416~transcription regulator inhibitor activity,2,12.5,0.0327923196755586,"3399, 3397",13,48,17305,55.46474358974359,0.965525864509324,1.0,1.0,nZF139,transcription regulator inhibitor activity,1.4842278609560584,0.15384615384615385
GOTERM_BP_FAT,GO:0045071~negative regulation of viral genome replication,2,12.5,0.0348238487947995,"3434, 9636",14,52,19104,52.48351648351648,0.9999999997922504,0.6074826956426137,0.6036133791098582,nZF139,negative regulation of viral genome replication,1.4581232315538162,0.14285714285714285
GOTERM_BP_FAT,GO:0045646~regulation of erythrocyte differentiation,2,12.5,0.0367983482864225,"3312, 9636",14,55,19104,49.62077922077921,0.9999999999427032,0.6245773709154957,0.6205991711007472,nZF139,regulation of erythrocyte differentiation,1.4341716744294994,0.14285714285714285
GOTERM_BP_FAT,GO:0009628~response to abiotic stimulus,4,25.0,0.044207008903047,"54541, 664, 3312, 56901",14,1202,19104,4.541003090087949,0.9999999999995544,0.7178364862645962,0.7132642793457135,nZF139,response to abiotic stimulus,1.3545088689630929,0.2857142857142857
GOTERM_BP_FAT,GO:0030182~neuron differentiation,4,25.0,0.044579017459107,"54541, 3399, 3397, 124936",14,1206,19104,4.52594171997157,0.9999999999996512,0.7178364862645962,0.7132642793457135,nZF139,neuron differentiation,1.3508695077891704,0.2857142857142857
GOTERM_MF_FAT,GO:0003723~RNA binding,5,31.25,0.0464524790070973,"3437, 3434, 3312, 3433, 6638",13,2078,17305,3.202968830976531,0.9918044805847488,1.0,1.0,nZF139,RNA binding,1.3329911042672233,0.38461538461538464
KEGG_PATHWAY,hsa05134:Legionellosis,2,12.5,0.0468165701274479,"664, 3312",9,56,9375,37.20238095238095,0.8727702098847943,1.0,1.0,nZF139,Legionellosis,1.3296004067283786,0.2222222222222222
GOTERM_BP_FAT,GO:0008637~apoptotic mitochondrial changes,2,12.5,0.0479169280637811,"664, 3433",14,72,19104,37.904761904761905,0.9999999999999614,0.7321173026954348,0.7274541351623429,nZF139,apoptotic mitochondrial changes,1.3195110321820347,0.14285714285714285
GOTERM_BP_FAT,GO:0045668~negative regulation of osteoblast differentiation,2,12.5,0.0485672580319686,"3399, 3397",14,73,19104,37.38551859099804,0.9999999999999748,0.7321173026954348,0.7274541351623429,nZF139,negative regulation of osteoblast differentiation,1.3136564148551528,0.14285714285714285
GOTERM_BP_FAT,GO:0031397~negative regulation of protein ubiquitination,2,12.5,0.0518127616209556,"3312, 9636",14,78,19104,34.989010989010985,0.9999999999999972,0.7321173026954348,0.7274541351623429,nZF139,negative regulation of protein ubiquitination,1.2855632591936992,0.14285714285714285
GOTERM_BP_FAT,GO:0048525~negative regulation of viral process,2,12.5,0.0518127616209556,"3434, 9636",14,78,19104,34.989010989010985,0.9999999999999972,0.7321173026954348,0.7274541351623429,nZF139,negative regulation of viral process,1.2855632591936992,0.14285714285714285
GOTERM_BP_FAT,GO:0048699~generation of neurons,4,25.0,0.0521597380160406,"54541, 3399, 3397, 124936",14,1284,19104,4.251001335113484,0.9999999999999976,0.7321173026954348,0.7274541351623429,nZF139,generation of neurons,1.282664598611904,0.2857142857142857
GOTERM_BP_FAT,GO:0045661~regulation of myoblast differentiation,2,12.5,0.0524606347472843,"3399, 3486",14,79,19104,34.54611211573237,0.999999999999998,0.7321173026954348,0.7274541351623429,nZF139,regulation of myoblast differentiation,1.2801664589691641,0.14285714285714285
GOTERM_BP_FAT,GO:0045069~regulation of viral genome replication,2,12.5,0.0550480431619961,"3434, 9636",14,83,19104,32.88123924268502,0.9999999999999996,0.7436710435064355,0.738934285267541,nZF139,regulation of viral genome replication,1.2592581146404935,0.14285714285714285
GOTERM_BP_FAT,GO:0010628~positive regulation of gene expression,4,25.0,0.0556569093070103,"3312, 3399, 3397, 9636",14,1318,19104,4.14133969217429,0.9999999999999998,0.7436710435064355,0.738934285267541,nZF139,positive regulation of gene expression,1.254480914210724,0.2857142857142857
GOTERM_BP_FAT,GO:1903321~negative regulation of protein modification by small protein conjugation or removal,2,12.5,0.0602033054121323,"3312, 9636",14,91,19104,29.990580847723702,1.0,0.7876599124753982,0.7826429703577206,nZF139,negative regulation of protein modification by small protein conjugation or removal,1.220379663512264,0.14285714285714285
GOTERM_BP_FAT,GO:0034340~response to type I interferon,2,12.5,0.0614880580944014,"3434, 9636",14,93,19104,29.345622119815665,1.0,0.7880510302711036,0.783031596957275,nZF139,response to type I interferon,1.2112092225546869,0.14285714285714285
GOTERM_BP_FAT,GO:1901874~negative regulation of post-translational protein modification,2,12.5,0.0627711893803399,"3312, 9636",14,95,19104,28.727819548872176,1.0,0.7882437853829419,0.7832231243295473,nZF139,negative regulation of post-translational protein modification,1.2022396423159167,0.14285714285714285
GOTERM_BP_FAT,GO:0071396~cellular response to lipid,3,18.75,0.0640134284307803,"54541, 3312, 3399",14,616,19104,6.645640074211503,1.0,0.7882437853829419,0.7832231243295473,nZF139,cellular response to lipid,1.1937289122402943,0.21428571428571427
GOTERM_BP_FAT,GO:0007399~nervous system development,5,31.25,0.0695099231330762,"54541, 664, 3399, 3397, 124936",14,2395,19104,2.848792126453922,1.0,0.8394659947609977,0.834119077596915,nZF139,nervous system development,1.1579531917507462,0.35714285714285715
GOTERM_BP_FAT,GO:0031399~regulation of protein modification process,3,18.75,0.0732311232888016,"3312, 3486, 9636",14,665,19104,6.155961331901182,1.0,0.8528820238870869,0.8474496543081883,nZF139,regulation of protein modification process,1.1353043041891542,0.21428571428571427
GOTERM_BP_FAT,GO:0072593~reactive oxygen species metabolic process,2,12.5,0.0736126060703844,"54541, 664",14,112,19104,24.367346938775512,1.0,0.8528820238870869,0.8474496543081883,nZF139,reactive oxygen species metabolic process,1.1330478068852219,0.14285714285714285
GOTERM_BP_FAT,GO:0051248~negative regulation of protein metabolic process,3,18.75,0.0749707980464014,"3312, 3486, 9636",14,674,19104,6.073760067825349,1.0,0.8528820238870869,0.8474496543081883,nZF139,negative regulation of protein metabolic process,1.1251078661673095,0.21428571428571427
GOTERM_BP_FAT,GO:0045639~positive regulation of myeloid cell differentiation,2,12.5,0.0774112664993056,"3312, 9636",14,118,19104,23.128329297820823,1.0,0.8528820238870869,0.8474496543081883,nZF139,positive regulation of myeloid cell differentiation,1.1111958271414295,0.14285714285714285
GOTERM_BP_FAT,GO:1903900~regulation of viral life cycle,2,12.5,0.0774112664993056,"3434, 9636",14,118,19104,23.128329297820823,1.0,0.8528820238870869,0.8474496543081883,nZF139,regulation of viral life cycle,1.1111958271414295,0.14285714285714285
GOTERM_BP_FAT,GO:0009968~negative regulation of signal transduction,4,25.0,0.0880766589888521,"54541, 3312, 3486, 9636",14,1593,19104,3.4264191552327143,1.0,0.9536576180172264,0.9475833656731676,nZF139,negative regulation of signal transduction,1.0551391678127036,0.2857142857142857
KEGG_PATHWAY,hsa04350:TGF-beta signaling pathway,2,12.5,0.0901333017142661,"3399, 3397",9,110,9375,18.939393939393938,0.982779565549157,1.0,1.0,nZF139,TGF-beta signaling pathway,1.0451147198020112,0.2222222222222222
GOTERM_BP_FAT,GO:0050792~regulation of viral process,2,12.5,0.0943279708652921,"3434, 9636",14,145,19104,18.82167487684729,1.0,0.9691869563950076,0.963013791067651,nZF139,regulation of viral process,1.0253595077799253,0.14285714285714285
GOTERM_BP_FAT,GO:0007623~circadian rhythm,2,12.5,0.0949489812771192,"3399, 3397",14,146,19104,18.69275929549902,1.0,0.9691869563950076,0.963013791067651,nZF139,circadian rhythm,1.0225096905172653,0.14285714285714285
GOTERM_BP_FAT,GO:0071456~cellular response to hypoxia,2,12.5,0.0961898230675599,"664, 56901",14,148,19104,18.44015444015444,1.0,0.9691869563950076,0.963013791067651,nZF139,cellular response to hypoxia,1.0168708741098065,0.14285714285714285
GOTERM_BP_FAT,GO:0043467~regulation of generation of precursor metabolites and energy,2,12.5,0.0980481415970795,"54541, 56901",14,151,19104,18.07379375591296,1.0,0.9691869563950076,0.963013791067651,nZF139,regulation of generation of precursor metabolites and energy,1.0085606335289081,0.14285714285714285
